INSERT INTO `t_rbac_user`(`id`, `user_name`, `password`, `name`, `mobile`, `email`, `client_id`, `avatar`, `group_id`, `version`, `create_time`, `create_user`, `last_update_time`, `last_update_user`) VALUES (470918922095296512, 'lisu', 'e10adc3949ba59abbe56e057f20f883e', '李肃', '13189031677', 'ningzuokun@126.com', NULL, NULL, 5, 6, '2018-11-21 10:17:19', 'admin', '2018-11-21 10:17:19', NULL);
INSERT INTO `t_rbac_user`(`id`, `user_name`, `password`, `name`, `mobile`, `email`, `client_id`, `avatar`, `group_id`, `version`, `create_time`, `create_user`, `last_update_time`, `last_update_user`) VALUES (471682217605595136, 'liubei', 'e10adc3949ba59abbe56e057f20f883e', '刘备', '13189031633', 'ningzuokun@126.com', NULL, NULL, 3, 5, '2018-11-21 10:17:17', NULL, '2018-11-21 10:17:17', NULL);
INSERT INTO `t_rbac_user`(`id`, `user_name`, `password`, `name`, `mobile`, `email`, `client_id`, `avatar`, `group_id`, `version`, `create_time`, `create_user`, `last_update_time`, `last_update_user`) VALUES (471683707879555072, 'luxun', 'e10adc3949ba59abbe56e057f20f883e', '陆逊', '18888888888', 'ningzuokun@126.com', NULL, NULL, 3, 1, '2018-11-21 10:17:03', NULL, '2018-11-21 10:17:03', NULL);
INSERT INTO `t_rbac_user`(`id`, `user_name`, `password`, `name`, `mobile`, `email`, `client_id`, `avatar`, `group_id`, `version`, `create_time`, `create_user`, `last_update_time`, `last_update_user`) VALUES (471780605856579584, 'lvbu', 'e10adc3949ba59abbe56e057f20f883e', '吕布', '1999999777', 'ningzuokun@126.com', NULL, NULL, 471643124586774528, 5, '2018-11-21 10:16:59', NULL, '2018-11-21 10:16:59', NULL);
INSERT INTO `t_rbac_user`(`id`, `user_name`, `password`, `name`, `mobile`, `email`, `client_id`, `avatar`, `group_id`, `version`, `create_time`, `create_user`, `last_update_time`, `last_update_user`) VALUES (472425503513378816, 'machao', 'e10adc3949ba59abbe56e057f20f883e', '马超', '13189031677', '191332131@qq.com', NULL, 'https://timgsa.baidu.com/timg?image&quality=80&size=b9999_10000&sec=1537507522002&di=9e4efe6b24aeaed48ba978c88e53973f&imgtype=0&src=http%3A%2F%2Fwww.qqzhi.com%2Fuploadpic%2F2014-07-22%2F064238286.jpg', 2, 14, '2018-11-07 09:50:12', NULL, '2018-11-07 09:50:12', NULL);
INSERT INTO `t_rbac_user`(`id`, `user_name`, `password`, `name`, `mobile`, `email`, `client_id`, `avatar`, `group_id`, `version`, `create_time`, `create_user`, `last_update_time`, `last_update_user`) VALUES (472425503513378817, 'administrator', 'e10adc3949ba59abbe56e057f20f883e', '管理员', '13189031655', 'zkning@qq.com', NULL, NULL, 1, 0, '2018-08-22 11:14:08', NULL, '2018-08-22 11:14:08', NULL);
INSERT INTO `t_rbac_user`(`id`, `user_name`, `password`, `name`, `mobile`, `email`, `client_id`, `avatar`, `group_id`, `version`, `create_time`, `create_user`, `last_update_time`, `last_update_user`) VALUES (482281779047170048, '1111', 'e10adc3949ba59abbe56e057f20f883e', '张三', '13189031677', 'ningzuokun@126.com', NULL, NULL, 1, 0, '2018-11-21 10:17:26', NULL, '2018-11-21 10:17:26', NULL);


INSERT INTO `t_rbac_user_role_relation`(`id`, `role_id`, `user_id`, `version`, `create_time`, `create_user`, `last_update_time`, `last_update_user`) VALUES (472425944804491264, 555, 471780605856579584, 0, '2018-07-27 15:32:02', NULL, '2018-07-27 15:32:02', NULL);
INSERT INTO `t_rbac_user_role_relation`(`id`, `role_id`, `user_id`, `version`, `create_time`, `create_user`, `last_update_time`, `last_update_user`) VALUES (472428096100761600, 472003003734294528, 471780605856579584, 0, '2018-07-27 15:40:35', NULL, '2018-07-27 15:40:35', NULL);
INSERT INTO `t_rbac_user_role_relation`(`id`, `role_id`, `user_id`, `version`, `create_time`, `create_user`, `last_update_time`, `last_update_user`) VALUES (472430959254306816, 472003334627131392, 471780605856579584, 0, '2018-07-27 15:51:58', NULL, '2018-07-27 15:51:58', NULL);
INSERT INTO `t_rbac_user_role_relation`(`id`, `role_id`, `user_id`, `version`, `create_time`, `create_user`, `last_update_time`, `last_update_user`) VALUES (482303113953280000, 44, 482281779047170048, 0, '2018-08-23 21:40:23', NULL, '2018-08-23 21:40:23', NULL);
INSERT INTO `t_rbac_user_role_relation`(`id`, `role_id`, `user_id`, `version`, `create_time`, `create_user`, `last_update_time`, `last_update_user`) VALUES (482310519932321792, 44, 471683707879555072, 0, '2018-08-23 22:09:49', NULL, '2018-08-23 22:09:49', NULL);
INSERT INTO `t_rbac_user_role_relation`(`id`, `role_id`, `user_id`, `version`, `create_time`, `create_user`, `last_update_time`, `last_update_user`) VALUES (482310519932321793, 472003334627131392, 471683707879555072, 0, '2018-08-23 22:09:49', NULL, '2018-08-23 22:09:49', NULL);
INSERT INTO `t_rbac_user_role_relation`(`id`, `role_id`, `user_id`, `version`, `create_time`, `create_user`, `last_update_time`, `last_update_user`) VALUES (482310519932321794, 472003416336367616, 471683707879555072, 0, '2018-08-23 22:09:49', NULL, '2018-08-23 22:09:49', NULL);
INSERT INTO `t_rbac_user_role_relation`(`id`, `role_id`, `user_id`, `version`, `create_time`, `create_user`, `last_update_time`, `last_update_user`) VALUES (482310706138447873, 472003334627131392, 472425503513378816, 0, '2018-08-23 22:10:33', NULL, '2018-08-23 22:10:33', NULL);
INSERT INTO `t_rbac_user_role_relation`(`id`, `role_id`, `user_id`, `version`, `create_time`, `create_user`, `last_update_time`, `last_update_user`) VALUES (482310706138447874, 472003416336367616, 472425503513378816, 0, '2018-08-23 22:10:33', NULL, '2018-08-23 22:10:33', NULL);
INSERT INTO `t_rbac_user_role_relation`(`id`, `role_id`, `user_id`, `version`, `create_time`, `create_user`, `last_update_time`, `last_update_user`) VALUES (482312254746787840, 13, 471682217605595136, 0, '2018-08-23 22:16:42', NULL, '2018-08-23 22:16:42', NULL);
INSERT INTO `t_rbac_user_role_relation`(`id`, `role_id`, `user_id`, `version`, `create_time`, `create_user`, `last_update_time`, `last_update_user`) VALUES (482312254750982144, 555, 471682217605595136, 0, '2018-08-23 22:16:42', NULL, '2018-08-23 22:16:42', NULL);
INSERT INTO `t_rbac_user_role_relation`(`id`, `role_id`, `user_id`, `version`, `create_time`, `create_user`, `last_update_time`, `last_update_user`) VALUES (482313206451142656, 472003416336367616, 470918922095296512, 0, '2018-08-23 22:20:29', NULL, '2018-08-23 22:20:29', NULL);

INSERT INTO `t_rbac_role_resource_relation`(`id`, `role_id`, `resource_id`, `version`, `create_time`, `create_user`, `last_update_time`, `last_update_user`) VALUES (472427832509726720, 472003003734294528, 1, 0, '2018-07-27 15:39:33', NULL, '2018-07-27 15:39:33', NULL);
INSERT INTO `t_rbac_role_resource_relation`(`id`, `role_id`, `resource_id`, `version`, `create_time`, `create_user`, `last_update_time`, `last_update_user`) VALUES (472427832509726721, 472003003734294528, 222, 0, '2018-07-27 15:39:33', NULL, '2018-07-27 15:39:33', NULL);
INSERT INTO `t_rbac_role_resource_relation`(`id`, `role_id`, `resource_id`, `version`, `create_time`, `create_user`, `last_update_time`, `last_update_user`) VALUES (472427832509726722, 472003003734294528, 4, 0, '2018-07-27 15:39:33', NULL, '2018-07-27 15:39:33', NULL);
INSERT INTO `t_rbac_role_resource_relation`(`id`, `role_id`, `resource_id`, `version`, `create_time`, `create_user`, `last_update_time`, `last_update_user`) VALUES (472427832509726723, 472003003734294528, 333, 0, '2018-07-27 15:39:33', NULL, '2018-07-27 15:39:33', NULL);
INSERT INTO `t_rbac_role_resource_relation`(`id`, `role_id`, `resource_id`, `version`, `create_time`, `create_user`, `last_update_time`, `last_update_user`) VALUES (472427832509726724, 472003003734294528, 472121160578891776, 0, '2018-07-27 15:39:33', NULL, '2018-07-27 15:39:33', NULL);
INSERT INTO `t_rbac_role_resource_relation`(`id`, `role_id`, `resource_id`, `version`, `create_time`, `create_user`, `last_update_time`, `last_update_user`) VALUES (472427832509726726, 472003003734294528, 472353836342706176, 0, '2018-07-27 15:39:33', NULL, '2018-07-27 15:39:33', NULL);
INSERT INTO `t_rbac_role_resource_relation`(`id`, `role_id`, `resource_id`, `version`, `create_time`, `create_user`, `last_update_time`, `last_update_user`) VALUES (472427832513921025, 472003003734294528, 472353913383682048, 0, '2018-07-27 15:39:33', NULL, '2018-07-27 15:39:33', NULL);
INSERT INTO `t_rbac_role_resource_relation`(`id`, `role_id`, `resource_id`, `version`, `create_time`, `create_user`, `last_update_time`, `last_update_user`) VALUES (480077763756163072, 472003334627131392, 333, 0, '2018-08-17 18:17:38', NULL, '2018-08-17 18:17:38', NULL);
INSERT INTO `t_rbac_role_resource_relation`(`id`, `role_id`, `resource_id`, `version`, `create_time`, `create_user`, `last_update_time`, `last_update_user`) VALUES (480077763760357376, 472003334627131392, 472121160578891776, 0, '2018-08-17 18:17:38', NULL, '2018-08-17 18:17:38', NULL);
INSERT INTO `t_rbac_role_resource_relation`(`id`, `role_id`, `resource_id`, `version`, `create_time`, `create_user`, `last_update_time`, `last_update_user`) VALUES (480077763760357377, 472003334627131392, 472353913383682048, 0, '2018-08-17 18:17:38', NULL, '2018-08-17 18:17:38', NULL);
INSERT INTO `t_rbac_role_resource_relation`(`id`, `role_id`, `resource_id`, `version`, `create_time`, `create_user`, `last_update_time`, `last_update_user`) VALUES (480077763760357378, 472003334627131392, 473423032090624000, 0, '2018-08-17 18:17:38', NULL, '2018-08-17 18:17:38', NULL);
INSERT INTO `t_rbac_role_resource_relation`(`id`, `role_id`, `resource_id`, `version`, `create_time`, `create_user`, `last_update_time`, `last_update_user`) VALUES (481930626576941056, 44, 2, 0, '2018-08-22 21:00:15', NULL, '2018-08-22 21:00:15', NULL);
INSERT INTO `t_rbac_role_resource_relation`(`id`, `role_id`, `resource_id`, `version`, `create_time`, `create_user`, `last_update_time`, `last_update_user`) VALUES (481930626576941057, 44, 3, 0, '2018-08-22 21:00:15', NULL, '2018-08-22 21:00:15', NULL);
INSERT INTO `t_rbac_role_resource_relation`(`id`, `role_id`, `resource_id`, `version`, `create_time`, `create_user`, `last_update_time`, `last_update_user`) VALUES (481930626576941058, 44, 473423032090624000, 0, '2018-08-22 21:00:15', NULL, '2018-08-22 21:00:15', NULL);
INSERT INTO `t_rbac_role_resource_relation`(`id`, `role_id`, `resource_id`, `version`, `create_time`, `create_user`, `last_update_time`, `last_update_user`) VALUES (481930626576941059, 44, 481897720022302720, 0, '2018-08-22 21:00:15', NULL, '2018-08-22 21:00:15', NULL);
INSERT INTO `t_rbac_role_resource_relation`(`id`, `role_id`, `resource_id`, `version`, `create_time`, `create_user`, `last_update_time`, `last_update_user`) VALUES (481930626576941060, 44, 481897720164909056, 0, '2018-08-22 21:00:15', NULL, '2018-08-22 21:00:15', NULL);
INSERT INTO `t_rbac_role_resource_relation`(`id`, `role_id`, `resource_id`, `version`, `create_time`, `create_user`, `last_update_time`, `last_update_user`) VALUES (481930626576941061, 44, 481897720190074880, 0, '2018-08-22 21:00:15', NULL, '2018-08-22 21:00:15', NULL);
INSERT INTO `t_rbac_role_resource_relation`(`id`, `role_id`, `resource_id`, `version`, `create_time`, `create_user`, `last_update_time`, `last_update_user`) VALUES (481930626576941062, 44, 481897720206852096, 0, '2018-08-22 21:00:15', NULL, '2018-08-22 21:00:15', NULL);
INSERT INTO `t_rbac_role_resource_relation`(`id`, `role_id`, `resource_id`, `version`, `create_time`, `create_user`, `last_update_time`, `last_update_user`) VALUES (481930626576941063, 44, 481897720232017920, 0, '2018-08-22 21:00:15', NULL, '2018-08-22 21:00:15', NULL);
INSERT INTO `t_rbac_role_resource_relation`(`id`, `role_id`, `resource_id`, `version`, `create_time`, `create_user`, `last_update_time`, `last_update_user`) VALUES (481930626576941064, 44, 481897720257183744, 0, '2018-08-22 21:00:15', NULL, '2018-08-22 21:00:15', NULL);
INSERT INTO `t_rbac_role_resource_relation`(`id`, `role_id`, `resource_id`, `version`, `create_time`, `create_user`, `last_update_time`, `last_update_user`) VALUES (481930626576941065, 44, 481897720269766656, 0, '2018-08-22 21:00:15', NULL, '2018-08-22 21:00:15', NULL);
INSERT INTO `t_rbac_role_resource_relation`(`id`, `role_id`, `resource_id`, `version`, `create_time`, `create_user`, `last_update_time`, `last_update_user`) VALUES (481930626576941066, 44, 481561955555868672, 0, '2018-08-22 21:00:15', NULL, '2018-08-22 21:00:15', NULL);
INSERT INTO `t_rbac_role_resource_relation`(`id`, `role_id`, `resource_id`, `version`, `create_time`, `create_user`, `last_update_time`, `last_update_user`) VALUES (492662029107068928, 33, 472353913383682048, 0, '2018-09-21 11:43:01', NULL, '2018-09-21 11:43:01', NULL);
INSERT INTO `t_rbac_role_resource_relation`(`id`, `role_id`, `resource_id`, `version`, `create_time`, `create_user`, `last_update_time`, `last_update_user`) VALUES (492662029132234752, 33, 473423032090624000, 0, '2018-09-21 11:43:01', NULL, '2018-09-21 11:43:01', NULL);
INSERT INTO `t_rbac_role_resource_relation`(`id`, `role_id`, `resource_id`, `version`, `create_time`, `create_user`, `last_update_time`, `last_update_user`) VALUES (492662029132234753, 33, 481561955555868672, 0, '2018-09-21 11:43:01', NULL, '2018-09-21 11:43:01', NULL);
INSERT INTO `t_rbac_role_resource_relation`(`id`, `role_id`, `resource_id`, `version`, `create_time`, `create_user`, `last_update_time`, `last_update_user`) VALUES (512641305755516928, 473424783447425024, 333, 0, '2018-11-15 14:53:32', NULL, '2018-11-15 14:53:32', NULL);
INSERT INTO `t_rbac_role_resource_relation`(`id`, `role_id`, `resource_id`, `version`, `create_time`, `create_user`, `last_update_time`, `last_update_user`) VALUES (512641305801654272, 473424783447425024, 472121160578891776, 0, '2018-11-15 14:53:32', NULL, '2018-11-15 14:53:32', NULL);
INSERT INTO `t_rbac_role_resource_relation`(`id`, `role_id`, `resource_id`, `version`, `create_time`, `create_user`, `last_update_time`, `last_update_user`) VALUES (512641305805848576, 473424783447425024, 481566530316795904, 0, '2018-11-15 14:53:32', NULL, '2018-11-15 14:53:32', NULL);
INSERT INTO `t_rbac_role_resource_relation`(`id`, `role_id`, `resource_id`, `version`, `create_time`, `create_user`, `last_update_time`, `last_update_user`) VALUES (512641305805848577, 473424783447425024, 472353836342706176, 0, '2018-11-15 14:53:32', NULL, '2018-11-15 14:53:32', NULL);
INSERT INTO `t_rbac_role_resource_relation`(`id`, `role_id`, `resource_id`, `version`, `create_time`, `create_user`, `last_update_time`, `last_update_user`) VALUES (512641305805848578, 473424783447425024, 472353913383682048, 0, '2018-11-15 14:53:32', NULL, '2018-11-15 14:53:32', NULL);
INSERT INTO `t_rbac_role_resource_relation`(`id`, `role_id`, `resource_id`, `version`, `create_time`, `create_user`, `last_update_time`, `last_update_user`) VALUES (512641305805848579, 473424783447425024, 473423032090624000, 0, '2018-11-15 14:53:32', NULL, '2018-11-15 14:53:32', NULL);
INSERT INTO `t_rbac_role_resource_relation`(`id`, `role_id`, `resource_id`, `version`, `create_time`, `create_user`, `last_update_time`, `last_update_user`) VALUES (512641305805848580, 473424783447425024, 466909139138908163, 0, '2018-11-15 14:53:32', NULL, '2018-11-15 14:53:32', NULL);
INSERT INTO `t_rbac_role_resource_relation`(`id`, `role_id`, `resource_id`, `version`, `create_time`, `create_user`, `last_update_time`, `last_update_user`) VALUES (512641305805848581, 473424783447425024, 481561955555868672, 0, '2018-11-15 14:53:32', NULL, '2018-11-15 14:53:32', NULL);
INSERT INTO `t_rbac_role_resource_relation`(`id`, `role_id`, `resource_id`, `version`, `create_time`, `create_user`, `last_update_time`, `last_update_user`) VALUES (514031527869284352, 472003416336367616, 466909139138908163, 0, '2018-11-19 10:57:46', NULL, '2018-11-19 10:57:46', NULL);
INSERT INTO `t_rbac_role_resource_relation`(`id`, `role_id`, `resource_id`, `version`, `create_time`, `create_user`, `last_update_time`, `last_update_user`) VALUES (514031527873478656, 472003416336367616, 222, 0, '2018-11-19 10:57:46', NULL, '2018-11-19 10:57:46', NULL);
INSERT INTO `t_rbac_role_resource_relation`(`id`, `role_id`, `resource_id`, `version`, `create_time`, `create_user`, `last_update_time`, `last_update_user`) VALUES (514031527873478657, 472003416336367616, 4, 0, '2018-11-19 10:57:46', NULL, '2018-11-19 10:57:46', NULL);
INSERT INTO `t_rbac_role_resource_relation`(`id`, `role_id`, `resource_id`, `version`, `create_time`, `create_user`, `last_update_time`, `last_update_user`) VALUES (514031527873478658, 472003416336367616, 333, 0, '2018-11-19 10:57:46', NULL, '2018-11-19 10:57:46', NULL);
INSERT INTO `t_rbac_role_resource_relation`(`id`, `role_id`, `resource_id`, `version`, `create_time`, `create_user`, `last_update_time`, `last_update_user`) VALUES (514031527873478659, 472003416336367616, 472121160578891776, 0, '2018-11-19 10:57:46', NULL, '2018-11-19 10:57:46', NULL);
INSERT INTO `t_rbac_role_resource_relation`(`id`, `role_id`, `resource_id`, `version`, `create_time`, `create_user`, `last_update_time`, `last_update_user`) VALUES (514031527877672960, 472003416336367616, 481566530316795904, 0, '2018-11-19 10:57:46', NULL, '2018-11-19 10:57:46', NULL);
INSERT INTO `t_rbac_role_resource_relation`(`id`, `role_id`, `resource_id`, `version`, `create_time`, `create_user`, `last_update_time`, `last_update_user`) VALUES (514031527877672961, 472003416336367616, 481561955555868672, 0, '2018-11-19 10:57:46', NULL, '2018-11-19 10:57:46', NULL);
INSERT INTO `t_rbac_role_resource_relation`(`id`, `role_id`, `resource_id`, `version`, `create_time`, `create_user`, `last_update_time`, `last_update_user`) VALUES (514031527877672962, 472003416336367616, 472353913383682048, 0, '2018-11-19 10:57:46', NULL, '2018-11-19 10:57:46', NULL);
INSERT INTO `t_rbac_role_resource_relation`(`id`, `role_id`, `resource_id`, `version`, `create_time`, `create_user`, `last_update_time`, `last_update_user`) VALUES (514031527881867264, 472003416336367616, 473423032090624000, 0, '2018-11-19 10:57:46', NULL, '2018-11-19 10:57:46', NULL);
INSERT INTO `t_rbac_role_resource_relation`(`id`, `role_id`, `resource_id`, `version`, `create_time`, `create_user`, `last_update_time`, `last_update_user`) VALUES (514031527881867265, 472003416336367616, 481897720022302720, 0, '2018-11-19 10:57:46', NULL, '2018-11-19 10:57:46', NULL);
INSERT INTO `t_rbac_role_resource_relation`(`id`, `role_id`, `resource_id`, `version`, `create_time`, `create_user`, `last_update_time`, `last_update_user`) VALUES (514031527881867266, 472003416336367616, 481897720164909056, 0, '2018-11-19 10:57:46', NULL, '2018-11-19 10:57:46', NULL);
INSERT INTO `t_rbac_role_resource_relation`(`id`, `role_id`, `resource_id`, `version`, `create_time`, `create_user`, `last_update_time`, `last_update_user`) VALUES (514031527881867267, 472003416336367616, 481897720190074880, 0, '2018-11-19 10:57:46', NULL, '2018-11-19 10:57:46', NULL);
INSERT INTO `t_rbac_role_resource_relation`(`id`, `role_id`, `resource_id`, `version`, `create_time`, `create_user`, `last_update_time`, `last_update_user`) VALUES (514031527881867268, 472003416336367616, 481897720206852096, 0, '2018-11-19 10:57:46', NULL, '2018-11-19 10:57:46', NULL);
INSERT INTO `t_rbac_role_resource_relation`(`id`, `role_id`, `resource_id`, `version`, `create_time`, `create_user`, `last_update_time`, `last_update_user`) VALUES (514031527881867269, 472003416336367616, 481897720232017920, 0, '2018-11-19 10:57:46', NULL, '2018-11-19 10:57:46', NULL);
INSERT INTO `t_rbac_role_resource_relation`(`id`, `role_id`, `resource_id`, `version`, `create_time`, `create_user`, `last_update_time`, `last_update_user`) VALUES (514031527881867270, 472003416336367616, 481897720257183744, 0, '2018-11-19 10:57:46', NULL, '2018-11-19 10:57:46', NULL);
INSERT INTO `t_rbac_role_resource_relation`(`id`, `role_id`, `resource_id`, `version`, `create_time`, `create_user`, `last_update_time`, `last_update_user`) VALUES (514031527881867271, 472003416336367616, 481897720269766656, 0, '2018-11-19 10:57:46', NULL, '2018-11-19 10:57:46', NULL);
INSERT INTO `t_rbac_role_resource_relation`(`id`, `role_id`, `resource_id`, `version`, `create_time`, `create_user`, `last_update_time`, `last_update_user`) VALUES (514031527881867272, 472003416336367616, 482209156242079744, 0, '2018-11-19 10:57:46', NULL, '2018-11-19 10:57:46', NULL);
INSERT INTO `t_rbac_role_resource_relation`(`id`, `role_id`, `resource_id`, `version`, `create_time`, `create_user`, `last_update_time`, `last_update_user`) VALUES (514031527881867273, 472003416336367616, 482234775604559872, 0, '2018-11-19 10:57:46', NULL, '2018-11-19 10:57:46', NULL);
INSERT INTO `t_rbac_role_resource_relation`(`id`, `role_id`, `resource_id`, `version`, `create_time`, `create_user`, `last_update_time`, `last_update_user`) VALUES (514031527886061568, 472003416336367616, 482234775638114304, 0, '2018-11-19 10:57:46', NULL, '2018-11-19 10:57:46', NULL);
INSERT INTO `t_rbac_role_resource_relation`(`id`, `role_id`, `resource_id`, `version`, `create_time`, `create_user`, `last_update_time`, `last_update_user`) VALUES (514031527886061569, 472003416336367616, 482234775654891520, 0, '2018-11-19 10:57:46', NULL, '2018-11-19 10:57:46', NULL);
INSERT INTO `t_rbac_role_resource_relation`(`id`, `role_id`, `resource_id`, `version`, `create_time`, `create_user`, `last_update_time`, `last_update_user`) VALUES (514031527886061570, 472003416336367616, 482234775667474432, 0, '2018-11-19 10:57:46', NULL, '2018-11-19 10:57:46', NULL);
INSERT INTO `t_rbac_role_resource_relation`(`id`, `role_id`, `resource_id`, `version`, `create_time`, `create_user`, `last_update_time`, `last_update_user`) VALUES (514031527886061571, 472003416336367616, 482234775680057344, 0, '2018-11-19 10:57:46', NULL, '2018-11-19 10:57:46', NULL);
INSERT INTO `t_rbac_role_resource_relation`(`id`, `role_id`, `resource_id`, `version`, `create_time`, `create_user`, `last_update_time`, `last_update_user`) VALUES (514031527886061572, 472003416336367616, 482234775692640256, 0, '2018-11-19 10:57:46', NULL, '2018-11-19 10:57:46', NULL);
INSERT INTO `t_rbac_role_resource_relation`(`id`, `role_id`, `resource_id`, `version`, `create_time`, `create_user`, `last_update_time`, `last_update_user`) VALUES (514031527886061573, 472003416336367616, 482234775709417472, 0, '2018-11-19 10:57:46', NULL, '2018-11-19 10:57:46', NULL);
INSERT INTO `t_rbac_role_resource_relation`(`id`, `role_id`, `resource_id`, `version`, `create_time`, `create_user`, `last_update_time`, `last_update_user`) VALUES (514031527886061574, 472003416336367616, 512643780818501632, 0, '2018-11-19 10:57:46', NULL, '2018-11-19 10:57:46', NULL);
INSERT INTO `t_rbac_role_resource_relation`(`id`, `role_id`, `resource_id`, `version`, `create_time`, `create_user`, `last_update_time`, `last_update_user`) VALUES (514031527886061575, 472003416336367616, 514031492096065536, 0, '2018-11-19 10:57:46', NULL, '2018-11-19 10:57:46', NULL);
INSERT INTO `t_rbac_role_resource_relation`(`id`, `role_id`, `resource_id`, `version`, `create_time`, `create_user`, `last_update_time`, `last_update_user`) VALUES (514031527886061576, 472003416336367616, 514031492297392128, 0, '2018-11-19 10:57:46', NULL, '2018-11-19 10:57:46', NULL);
INSERT INTO `t_rbac_role_resource_relation`(`id`, `role_id`, `resource_id`, `version`, `create_time`, `create_user`, `last_update_time`, `last_update_user`) VALUES (514031527886061577, 472003416336367616, 514031492314169344, 0, '2018-11-19 10:57:46', NULL, '2018-11-19 10:57:46', NULL);
INSERT INTO `t_rbac_role_resource_relation`(`id`, `role_id`, `resource_id`, `version`, `create_time`, `create_user`, `last_update_time`, `last_update_user`) VALUES (514031527886061578, 472003416336367616, 514031492326752256, 0, '2018-11-19 10:57:46', NULL, '2018-11-19 10:57:46', NULL);
INSERT INTO `t_rbac_role_resource_relation`(`id`, `role_id`, `resource_id`, `version`, `create_time`, `create_user`, `last_update_time`, `last_update_user`) VALUES (514031527886061579, 472003416336367616, 514031492414832640, 0, '2018-11-19 10:57:46', NULL, '2018-11-19 10:57:46', NULL);
INSERT INTO `t_rbac_role_resource_relation`(`id`, `role_id`, `resource_id`, `version`, `create_time`, `create_user`, `last_update_time`, `last_update_user`) VALUES (514031527890255872, 472003416336367616, 514031492431609856, 0, '2018-11-19 10:57:46', NULL, '2018-11-19 10:57:46', NULL);
INSERT INTO `t_rbac_role_resource_relation`(`id`, `role_id`, `resource_id`, `version`, `create_time`, `create_user`, `last_update_time`, `last_update_user`) VALUES (514031527890255873, 472003416336367616, 514031492695851008, 0, '2018-11-19 10:57:46', NULL, '2018-11-19 10:57:46', NULL);
INSERT INTO `t_rbac_role_resource_relation`(`id`, `role_id`, `resource_id`, `version`, `create_time`, `create_user`, `last_update_time`, `last_update_user`) VALUES (514045127270858752, 555, 514031492096065536, 0, '2018-11-19 11:51:49', NULL, '2018-11-19 11:51:49', NULL);
INSERT INTO `t_rbac_role_resource_relation`(`id`, `role_id`, `resource_id`, `version`, `create_time`, `create_user`, `last_update_time`, `last_update_user`) VALUES (514045127296024576, 555, 514031492297392128, 0, '2018-11-19 11:51:49', NULL, '2018-11-19 11:51:49', NULL);
INSERT INTO `t_rbac_role_resource_relation`(`id`, `role_id`, `resource_id`, `version`, `create_time`, `create_user`, `last_update_time`, `last_update_user`) VALUES (514045127296024577, 555, 514031492314169344, 0, '2018-11-19 11:51:49', NULL, '2018-11-19 11:51:49', NULL);
INSERT INTO `t_rbac_role_resource_relation`(`id`, `role_id`, `resource_id`, `version`, `create_time`, `create_user`, `last_update_time`, `last_update_user`) VALUES (514045127300218880, 555, 514031492326752256, 0, '2018-11-19 11:51:49', NULL, '2018-11-19 11:51:49', NULL);
INSERT INTO `t_rbac_role_resource_relation`(`id`, `role_id`, `resource_id`, `version`, `create_time`, `create_user`, `last_update_time`, `last_update_user`) VALUES (514045127300218881, 555, 514031492414832640, 0, '2018-11-19 11:51:49', NULL, '2018-11-19 11:51:49', NULL);
INSERT INTO `t_rbac_role_resource_relation`(`id`, `role_id`, `resource_id`, `version`, `create_time`, `create_user`, `last_update_time`, `last_update_user`) VALUES (514045127300218882, 555, 514031492431609856, 0, '2018-11-19 11:51:49', NULL, '2018-11-19 11:51:49', NULL);
INSERT INTO `t_rbac_role_resource_relation`(`id`, `role_id`, `resource_id`, `version`, `create_time`, `create_user`, `last_update_time`, `last_update_user`) VALUES (514045127300218883, 555, 514031492695851008, 0, '2018-11-19 11:51:49', NULL, '2018-11-19 11:51:49', NULL);
INSERT INTO `t_rbac_role_resource_relation`(`id`, `role_id`, `resource_id`, `version`, `create_time`, `create_user`, `last_update_time`, `last_update_user`) VALUES (514045127300218884, 555, 481561955555868672, 0, '2018-11-19 11:51:49', NULL, '2018-11-19 11:51:49', NULL);
INSERT INTO `t_rbac_role_resource_relation`(`id`, `role_id`, `resource_id`, `version`, `create_time`, `create_user`, `last_update_time`, `last_update_user`) VALUES (514535929927434240, 13, 514031492096065536, 0, '2018-11-20 20:22:05', NULL, '2018-11-20 20:22:05', NULL);
INSERT INTO `t_rbac_role_resource_relation`(`id`, `role_id`, `resource_id`, `version`, `create_time`, `create_user`, `last_update_time`, `last_update_user`) VALUES (514535929931628544, 13, 514031492297392128, 0, '2018-11-20 20:22:05', NULL, '2018-11-20 20:22:05', NULL);
INSERT INTO `t_rbac_role_resource_relation`(`id`, `role_id`, `resource_id`, `version`, `create_time`, `create_user`, `last_update_time`, `last_update_user`) VALUES (514535929931628545, 13, 514031492314169344, 0, '2018-11-20 20:22:05', NULL, '2018-11-20 20:22:05', NULL);
INSERT INTO `t_rbac_role_resource_relation`(`id`, `role_id`, `resource_id`, `version`, `create_time`, `create_user`, `last_update_time`, `last_update_user`) VALUES (514535929931628546, 13, 514031492326752256, 0, '2018-11-20 20:22:05', NULL, '2018-11-20 20:22:05', NULL);
INSERT INTO `t_rbac_role_resource_relation`(`id`, `role_id`, `resource_id`, `version`, `create_time`, `create_user`, `last_update_time`, `last_update_user`) VALUES (514535929931628547, 13, 514031492414832640, 0, '2018-11-20 20:22:05', NULL, '2018-11-20 20:22:05', NULL);
INSERT INTO `t_rbac_role_resource_relation`(`id`, `role_id`, `resource_id`, `version`, `create_time`, `create_user`, `last_update_time`, `last_update_user`) VALUES (514535929931628548, 13, 514031492431609856, 0, '2018-11-20 20:22:05', NULL, '2018-11-20 20:22:05', NULL);
INSERT INTO `t_rbac_role_resource_relation`(`id`, `role_id`, `resource_id`, `version`, `create_time`, `create_user`, `last_update_time`, `last_update_user`) VALUES (514535929931628549, 13, 514031492695851008, 0, '2018-11-20 20:22:05', NULL, '2018-11-20 20:22:05', NULL);
INSERT INTO `t_rbac_role_resource_relation`(`id`, `role_id`, `resource_id`, `version`, `create_time`, `create_user`, `last_update_time`, `last_update_user`) VALUES (514535929931628550, 13, 514532178873286656, 0, '2018-11-20 20:22:05', NULL, '2018-11-20 20:22:05', NULL);
INSERT INTO `t_rbac_role_resource_relation`(`id`, `role_id`, `resource_id`, `version`, `create_time`, `create_user`, `last_update_time`, `last_update_user`) VALUES (514535929931628551, 13, 514532178915229696, 0, '2018-11-20 20:22:05', NULL, '2018-11-20 20:22:05', NULL);
INSERT INTO `t_rbac_role_resource_relation`(`id`, `role_id`, `resource_id`, `version`, `create_time`, `create_user`, `last_update_time`, `last_update_user`) VALUES (514535929931628552, 13, 514532178932006912, 0, '2018-11-20 20:22:05', NULL, '2018-11-20 20:22:05', NULL);
INSERT INTO `t_rbac_role_resource_relation`(`id`, `role_id`, `resource_id`, `version`, `create_time`, `create_user`, `last_update_time`, `last_update_user`) VALUES (514535929931628553, 13, 514532178952978432, 0, '2018-11-20 20:22:05', NULL, '2018-11-20 20:22:05', NULL);
INSERT INTO `t_rbac_role_resource_relation`(`id`, `role_id`, `resource_id`, `version`, `create_time`, `create_user`, `last_update_time`, `last_update_user`) VALUES (514535929931628554, 13, 514532178969755648, 0, '2018-11-20 20:22:05', NULL, '2018-11-20 20:22:05', NULL);
INSERT INTO `t_rbac_role_resource_relation`(`id`, `role_id`, `resource_id`, `version`, `create_time`, `create_user`, `last_update_time`, `last_update_user`) VALUES (514535929931628555, 13, 514532178982338560, 0, '2018-11-20 20:22:05', NULL, '2018-11-20 20:22:05', NULL);
INSERT INTO `t_rbac_role_resource_relation`(`id`, `role_id`, `resource_id`, `version`, `create_time`, `create_user`, `last_update_time`, `last_update_user`) VALUES (514535929931628556, 13, 514532178994921472, 0, '2018-11-20 20:22:05', NULL, '2018-11-20 20:22:05', NULL);
INSERT INTO `t_rbac_role_resource_relation`(`id`, `role_id`, `resource_id`, `version`, `create_time`, `create_user`, `last_update_time`, `last_update_user`) VALUES (514535929935822848, 13, 514535879918747648, 0, '2018-11-20 20:22:05', NULL, '2018-11-20 20:22:05', NULL);
INSERT INTO `t_rbac_role_resource_relation`(`id`, `role_id`, `resource_id`, `version`, `create_time`, `create_user`, `last_update_time`, `last_update_user`) VALUES (514535929935822849, 13, 514535879956496384, 0, '2018-11-20 20:22:05', NULL, '2018-11-20 20:22:05', NULL);
INSERT INTO `t_rbac_role_resource_relation`(`id`, `role_id`, `resource_id`, `version`, `create_time`, `create_user`, `last_update_time`, `last_update_user`) VALUES (514535929935822850, 13, 514535879973273600, 0, '2018-11-20 20:22:05', NULL, '2018-11-20 20:22:05', NULL);
INSERT INTO `t_rbac_role_resource_relation`(`id`, `role_id`, `resource_id`, `version`, `create_time`, `create_user`, `last_update_time`, `last_update_user`) VALUES (514535929935822851, 13, 514535879990050816, 0, '2018-11-20 20:22:05', NULL, '2018-11-20 20:22:05', NULL);
INSERT INTO `t_rbac_role_resource_relation`(`id`, `role_id`, `resource_id`, `version`, `create_time`, `create_user`, `last_update_time`, `last_update_user`) VALUES (514535929935822852, 13, 514535880002633728, 0, '2018-11-20 20:22:05', NULL, '2018-11-20 20:22:05', NULL);
INSERT INTO `t_rbac_role_resource_relation`(`id`, `role_id`, `resource_id`, `version`, `create_time`, `create_user`, `last_update_time`, `last_update_user`) VALUES (514535929935822853, 13, 514535880015216640, 0, '2018-11-20 20:22:05', NULL, '2018-11-20 20:22:05', NULL);
INSERT INTO `t_rbac_role_resource_relation`(`id`, `role_id`, `resource_id`, `version`, `create_time`, `create_user`, `last_update_time`, `last_update_user`) VALUES (514535929935822854, 13, 514535880027799552, 0, '2018-11-20 20:22:05', NULL, '2018-11-20 20:22:05', NULL);
INSERT INTO `t_rbac_role_resource_relation`(`id`, `role_id`, `resource_id`, `version`, `create_time`, `create_user`, `last_update_time`, `last_update_user`) VALUES (514535929935822855, 13, 481561955555868672, 0, '2018-11-20 20:22:05', NULL, '2018-11-20 20:22:05', NULL);

INSERT INTO `t_rbac_role`(`id`, `role_name`, `role_code`, `group_id`, `role_type`, `remark`, `version`, `create_time`, `create_user`, `last_update_time`, `last_update_user`) VALUES (13, '总经办', 'ZONGJINGBAN', 1, 0, '111111', 0, '2018-07-25 20:08:25', NULL, '2018-07-25 20:08:25', NULL);
INSERT INTO `t_rbac_role`(`id`, `role_name`, `role_code`, `group_id`, `role_type`, `remark`, `version`, `create_time`, `create_user`, `last_update_time`, `last_update_user`) VALUES (33, '信审部负责人', '34444', 1, 2, '3333', 1, '2018-07-26 10:30:56', NULL, '2018-07-26 10:30:56', NULL);
INSERT INTO `t_rbac_role`(`id`, `role_name`, `role_code`, `group_id`, `role_type`, `remark`, `version`, `create_time`, `create_user`, `last_update_time`, `last_update_user`) VALUES (44, '信审经理', '33', 1, 1, '111', 3, '2018-07-26 10:30:39', NULL, '2018-07-27 16:35:01', NULL);
INSERT INTO `t_rbac_role`(`id`, `role_name`, `role_code`, `group_id`, `role_type`, `remark`, `version`, `create_time`, `create_user`, `last_update_time`, `last_update_user`) VALUES (555, '信审一组主管', '3333', 1, 2, '333', 1, '2018-07-26 10:36:12', NULL, '2018-07-26 10:36:12', NULL);
INSERT INTO `t_rbac_role`(`id`, `role_name`, `role_code`, `group_id`, `role_type`, `remark`, `version`, `create_time`, `create_user`, `last_update_time`, `last_update_user`) VALUES (472003003734294528, '董事会主席', 'ROLE_EMPLOYEE', 3, 1, '测试专用', 1, '2018-10-11 09:04:04', NULL, '2018-10-11 09:04:04', NULL);
INSERT INTO `t_rbac_role`(`id`, `role_name`, `role_code`, `group_id`, `role_type`, `remark`, `version`, `create_time`, `create_user`, `last_update_time`, `last_update_user`) VALUES (472003334627131392, '董事长秘书', 'ROLE_ENGINEER', 2, 1, '4444', 1, '2018-10-11 09:05:31', NULL, '2018-10-11 09:05:31', NULL);
INSERT INTO `t_rbac_role`(`id`, `role_name`, `role_code`, `group_id`, `role_type`, `remark`, `version`, `create_time`, `create_user`, `last_update_time`, `last_update_user`) VALUES (472003416336367616, '超级系统管理员', 'ROLE_ADMINISTRATOR', 471638430099439616, 0, '3', 0, '2018-10-10 11:25:10', NULL, '2018-10-10 11:25:10', NULL);
INSERT INTO `t_rbac_role`(`id`, `role_name`, `role_code`, `group_id`, `role_type`, `remark`, `version`, `create_time`, `create_user`, `last_update_time`, `last_update_user`) VALUES (473424783447425024, '董事会主席1', '4444444433', NULL, 2, NULL, 0, '2018-07-30 09:41:04', NULL, '2018-07-30 09:41:04', NULL);

INSERT INTO `t_rbac_resource`(`id`, `text`, `link`, `external_link`, `icon`, `code`, `pid`, `resource_type`, `extra`, `version`, `create_time`, `create_user`, `last_update_time`, `last_update_user`) VALUES (2, '组织架构', '22', '', '12', 'zzjg2', 0, 1, NULL, 1, '2018-08-22 11:31:42', NULL, '2018-08-22 11:31:42', NULL);
INSERT INTO `t_rbac_resource`(`id`, `text`, `link`, `external_link`, `icon`, `code`, `pid`, `resource_type`, `extra`, `version`, `create_time`, `create_user`, `last_update_time`, `last_update_user`) VALUES (3, '单位管理', '1333333333333333', '', '1', 'dwgl', 2, 1, NULL, 3, '2018-08-22 11:28:27', NULL, '2018-08-22 11:28:27', NULL);
INSERT INTO `t_rbac_resource`(`id`, `text`, `link`, `external_link`, `icon`, `code`, `pid`, `resource_type`, `extra`, `version`, `create_time`, `create_user`, `last_update_time`, `last_update_user`) VALUES (4, '资源管理', '1', '', '1', 'zygl', 222, 1, NULL, 1, '2018-08-22 11:28:26', NULL, '2018-08-22 11:28:26', NULL);
INSERT INTO `t_rbac_resource`(`id`, `text`, `link`, `external_link`, `icon`, `code`, `pid`, `resource_type`, `extra`, `version`, `create_time`, `create_user`, `last_update_time`, `last_update_user`) VALUES (222, '权限管理', '/rbac/permitlist', '', '', 'qxgl', 466909139138908163, 1, NULL, 1, '2018-08-22 11:31:12', NULL, '2018-08-22 11:31:12', NULL);
INSERT INTO `t_rbac_resource`(`id`, `text`, `link`, `external_link`, `icon`, `code`, `pid`, `resource_type`, `extra`, `version`, `create_time`, `create_user`, `last_update_time`, `last_update_user`) VALUES (333, '组织机构', '/rbac/grouplist', '', '11', 'zzjg', 466909139138908163, 1, NULL, 1, '2018-08-22 11:31:45', NULL, '2018-08-22 11:31:45', NULL);
INSERT INTO `t_rbac_resource`(`id`, `text`, `link`, `external_link`, `icon`, `code`, `pid`, `resource_type`, `extra`, `version`, `create_time`, `create_user`, `last_update_time`, `last_update_user`) VALUES (466909139138908163, '系统管理', '111', '', '11', 'xtsz', 0, 1, '111', 1, '2018-08-22 11:31:07', NULL, '2018-08-22 11:31:07', NULL);
INSERT INTO `t_rbac_resource`(`id`, `text`, `link`, `external_link`, `icon`, `code`, `pid`, `resource_type`, `extra`, `version`, `create_time`, `create_user`, `last_update_time`, `last_update_user`) VALUES (472121160578891776, '保存按钮', '1333333333333333', '3333', '1', 'WAIBU11', 333, 1, '1', 0, '2018-08-21 21:30:12', NULL, '2018-08-21 21:30:12', NULL);
INSERT INTO `t_rbac_resource`(`id`, `text`, `link`, `external_link`, `icon`, `code`, `pid`, `resource_type`, `extra`, `version`, `create_time`, `create_user`, `last_update_time`, `last_update_user`) VALUES (472353836342706176, '单位管理', '444444', '', '', 'WAIBUXITONG222', 0, 1, NULL, 0, '2018-08-21 21:30:16', NULL, '2018-08-21 21:30:16', NULL);
INSERT INTO `t_rbac_resource`(`id`, `text`, `link`, `external_link`, `icon`, `code`, `pid`, `resource_type`, `extra`, `version`, `create_time`, `create_user`, `last_update_time`, `last_update_user`) VALUES (472353913383682048, 'SQL管理', '/sm/sqldefine', '', '', 'sqlgl', 481561955555868672, 1, '44', 1, '2018-08-22 11:42:19', NULL, '2018-08-22 11:42:19', NULL);
INSERT INTO `t_rbac_resource`(`id`, `text`, `link`, `external_link`, `icon`, `code`, `pid`, `resource_type`, `extra`, `version`, `create_time`, `create_user`, `last_update_time`, `last_update_user`) VALUES (473423032090624000, '视图配置', '/sm/dataview', '', '', 'stsz', 481561955555868672, 1, NULL, 0, '2018-08-24 11:48:22', NULL, '2018-08-24 11:48:22', NULL);
INSERT INTO `t_rbac_resource`(`id`, `text`, `link`, `external_link`, `icon`, `code`, `pid`, `resource_type`, `extra`, `version`, `create_time`, `create_user`, `last_update_time`, `last_update_user`) VALUES (481561955555868672, '视图管理', '', '', '', 'stgl', 0, 1, NULL, 0, '2018-08-22 11:39:56', NULL, '2018-08-22 11:39:56', NULL);
INSERT INTO `t_rbac_resource`(`id`, `text`, `link`, `external_link`, `icon`, `code`, `pid`, `resource_type`, `extra`, `version`, `create_time`, `create_user`, `last_update_time`, `last_update_user`) VALUES (481566530316795904, '481555805095591936', '/sm/dataviewlist/479652796690333696', NULL, NULL, '481555805095591936', 333, 1, NULL, 0, '2018-08-22 11:43:16', NULL, '2018-08-22 11:43:16', NULL);
INSERT INTO `t_rbac_resource`(`id`, `text`, `link`, `external_link`, `icon`, `code`, `pid`, `resource_type`, `extra`, `version`, `create_time`, `create_user`, `last_update_time`, `last_update_user`) VALUES (481897720022302720, '数据字典视图', '/sm/dataviewlist/479652796690333696', NULL, NULL, '479652796690333696', 481561955555868672, 1, NULL, 0, '2018-08-22 18:49:30', NULL, '2018-08-22 18:49:30', NULL);
INSERT INTO `t_rbac_resource`(`id`, `text`, `link`, `external_link`, `icon`, `code`, `pid`, `resource_type`, `extra`, `version`, `create_time`, `create_user`, `last_update_time`, `last_update_user`) VALUES (481897720164909056, '增加', '', NULL, NULL, '3db3e98b-376e-487d-b211-15b2b0f53346', 481897720022302720, 2, NULL, 0, '2018-08-22 18:49:30', NULL, '2018-08-22 18:49:30', NULL);
INSERT INTO `t_rbac_resource`(`id`, `text`, `link`, `external_link`, `icon`, `code`, `pid`, `resource_type`, `extra`, `version`, `create_time`, `create_user`, `last_update_time`, `last_update_user`) VALUES (481897720190074880, '修改', '', NULL, NULL, '53e2e326-70e2-45b5-9470-96bbf26eea53', 481897720022302720, 2, NULL, 0, '2018-08-22 18:49:30', NULL, '2018-08-22 18:49:30', NULL);
INSERT INTO `t_rbac_resource`(`id`, `text`, `link`, `external_link`, `icon`, `code`, `pid`, `resource_type`, `extra`, `version`, `create_time`, `create_user`, `last_update_time`, `last_update_user`) VALUES (481897720206852096, '删除', '', NULL, NULL, '3254e13b-2ae4-41e9-934a-48d585a3559e', 481897720022302720, 2, NULL, 0, '2018-08-22 18:49:30', NULL, '2018-08-22 18:49:30', NULL);
INSERT INTO `t_rbac_resource`(`id`, `text`, `link`, `external_link`, `icon`, `code`, `pid`, `resource_type`, `extra`, `version`, `create_time`, `create_user`, `last_update_time`, `last_update_user`) VALUES (481897720232017920, '查看', '', NULL, NULL, 'c33110e5-cfb7-4cf1-8a9b-5d32b50ee27e', 481897720022302720, 2, NULL, 0, '2018-08-22 18:49:30', NULL, '2018-08-22 18:49:30', NULL);
INSERT INTO `t_rbac_resource`(`id`, `text`, `link`, `external_link`, `icon`, `code`, `pid`, `resource_type`, `extra`, `version`, `create_time`, `create_user`, `last_update_time`, `last_update_user`) VALUES (481897720257183744, '查询视图列表', '/sm/sqlId/list/479652796690333696', NULL, NULL, '4a29f5bf-92cc-45eb-8398-0d3f887a570f', 481897720022302720, 2, NULL, 0, '2018-08-22 18:49:30', NULL, '2018-08-22 18:49:30', NULL);
INSERT INTO `t_rbac_resource`(`id`, `text`, `link`, `external_link`, `icon`, `code`, `pid`, `resource_type`, `extra`, `version`, `create_time`, `create_user`, `last_update_time`, `last_update_user`) VALUES (481897720269766656, '查询单条数据', '/sm/sqlId/fetch/479652796690333696', NULL, NULL, '65d0489b-7be8-4ec2-91fa-9b8d3751481d', 481897720022302720, 3, NULL, 0, '2018-08-22 18:49:30', NULL, '2018-08-22 18:49:30', NULL);
INSERT INTO `t_rbac_resource`(`id`, `text`, `link`, `external_link`, `icon`, `code`, `pid`, `resource_type`, `extra`, `version`, `create_time`, `create_user`, `last_update_time`, `last_update_user`) VALUES (482209156242079744, '数据源管理', '/sm/datasource', '', '', 'sjygl', 481561955555868672, 1, NULL, 0, '2018-08-23 15:27:02', NULL, '2018-08-23 15:27:02', NULL);
INSERT INTO `t_rbac_resource`(`id`, `text`, `link`, `external_link`, `icon`, `code`, `pid`, `resource_type`, `extra`, `version`, `create_time`, `create_user`, `last_update_time`, `last_update_user`) VALUES (482234775604559872, '催收多数据源资源视图', '/sm/dataviewlist/482234455977623552', NULL, NULL, '482234455977623552', 481561955555868672, 1, NULL, 0, '2018-08-23 17:08:50', NULL, '2018-08-23 17:08:50', NULL);
INSERT INTO `t_rbac_resource`(`id`, `text`, `link`, `external_link`, `icon`, `code`, `pid`, `resource_type`, `extra`, `version`, `create_time`, `create_user`, `last_update_time`, `last_update_user`) VALUES (482234775638114304, '增加', '/sm/sqlId/create/482234455977623552', NULL, NULL, 'ffc8a3ea-e373-4f32-9dfa-7da8d1d1b01f', 482234775604559872, 2, NULL, 0, '2018-08-23 17:08:50', NULL, '2018-08-23 17:08:50', NULL);
INSERT INTO `t_rbac_resource`(`id`, `text`, `link`, `external_link`, `icon`, `code`, `pid`, `resource_type`, `extra`, `version`, `create_time`, `create_user`, `last_update_time`, `last_update_user`) VALUES (482234775654891520, '修改', '/sm/sqlId/modfity/482234455977623552', NULL, NULL, '703d6d21-09bc-49cb-81ea-a1769acf6592', 482234775604559872, 2, NULL, 0, '2018-08-23 17:08:50', NULL, '2018-08-23 17:08:50', NULL);
INSERT INTO `t_rbac_resource`(`id`, `text`, `link`, `external_link`, `icon`, `code`, `pid`, `resource_type`, `extra`, `version`, `create_time`, `create_user`, `last_update_time`, `last_update_user`) VALUES (482234775667474432, '删除', '/sm/sqlId/delete/482234455977623552', NULL, NULL, '29dfdb95-3506-420c-9fe6-449476697398', 482234775604559872, 2, NULL, 0, '2018-08-23 17:08:50', NULL, '2018-08-23 17:08:50', NULL);
INSERT INTO `t_rbac_resource`(`id`, `text`, `link`, `external_link`, `icon`, `code`, `pid`, `resource_type`, `extra`, `version`, `create_time`, `create_user`, `last_update_time`, `last_update_user`) VALUES (482234775680057344, '查看', '', NULL, NULL, '38d117be-e6bf-48c1-8a4c-127b17c40cab', 482234775604559872, 2, NULL, 0, '2018-08-23 17:08:50', NULL, '2018-08-23 17:08:50', NULL);
INSERT INTO `t_rbac_resource`(`id`, `text`, `link`, `external_link`, `icon`, `code`, `pid`, `resource_type`, `extra`, `version`, `create_time`, `create_user`, `last_update_time`, `last_update_user`) VALUES (482234775692640256, '查询视图列表', '/sm/sqlId/list/482234455977623552', NULL, NULL, 'c2007efb-ac2b-4ef4-bd78-8cb3ec7953e4', 482234775604559872, 2, NULL, 0, '2018-08-23 17:08:50', NULL, '2018-08-23 17:08:50', NULL);
INSERT INTO `t_rbac_resource`(`id`, `text`, `link`, `external_link`, `icon`, `code`, `pid`, `resource_type`, `extra`, `version`, `create_time`, `create_user`, `last_update_time`, `last_update_user`) VALUES (482234775709417472, '查询单条数据', '/sm/sqlId/fetch/482234455977623552', NULL, NULL, 'a5a6bac6-2eb6-414b-b645-ffcb6a5ca347', 482234775604559872, 3, NULL, 0, '2018-08-23 17:08:50', NULL, '2018-08-23 17:08:50', NULL);
INSERT INTO `t_rbac_resource`(`id`, `text`, `link`, `external_link`, `icon`, `code`, `pid`, `resource_type`, `extra`, `version`, `create_time`, `create_user`, `last_update_time`, `last_update_user`) VALUES (512643780818501632, '字典管理', '/rbac/dict', '', '', 'ZDGL', 481561955555868672, 1, NULL, 1, '2018-11-15 15:03:22', NULL, '2018-11-15 15:04:16', NULL);
INSERT INTO `t_rbac_resource`(`id`, `text`, `link`, `external_link`, `icon`, `code`, `pid`, `resource_type`, `extra`, `version`, `create_time`, `create_user`, `last_update_time`, `last_update_user`) VALUES (514031492096065536, '测试数据字典视图', '/sm/dataviewlist/514030644431421440', NULL, NULL, '514030644431421440', 481561955555868672, 1, NULL, 0, '2018-11-19 10:57:38', NULL, '2018-11-19 10:57:38', NULL);
INSERT INTO `t_rbac_resource`(`id`, `text`, `link`, `external_link`, `icon`, `code`, `pid`, `resource_type`, `extra`, `version`, `create_time`, `create_user`, `last_update_time`, `last_update_user`) VALUES (514031492297392128, '增加', '/sm/sqlId/create/514030644431421440', NULL, NULL, 'cbb8fe53-d6c0-4557-8ae0-75d7a0a1f73f', 514031492096065536, 2, NULL, 0, '2018-11-19 10:57:38', NULL, '2018-11-19 10:57:38', NULL);
INSERT INTO `t_rbac_resource`(`id`, `text`, `link`, `external_link`, `icon`, `code`, `pid`, `resource_type`, `extra`, `version`, `create_time`, `create_user`, `last_update_time`, `last_update_user`) VALUES (514031492314169344, '修改', '/sm/sqlId/modfity/514030644431421440', NULL, NULL, 'dcc5f5c5-329e-4728-9206-f19ae463dc52', 514031492096065536, 2, NULL, 0, '2018-11-19 10:57:38', NULL, '2018-11-19 10:57:38', NULL);
INSERT INTO `t_rbac_resource`(`id`, `text`, `link`, `external_link`, `icon`, `code`, `pid`, `resource_type`, `extra`, `version`, `create_time`, `create_user`, `last_update_time`, `last_update_user`) VALUES (514031492326752256, '删除', '/sm/sqlId/delete/514030644431421440', NULL, NULL, 'c1adf53b-c056-4d6b-b719-a6cd97d03bf8', 514031492096065536, 2, NULL, 0, '2018-11-19 10:57:38', NULL, '2018-11-19 10:57:38', NULL);
INSERT INTO `t_rbac_resource`(`id`, `text`, `link`, `external_link`, `icon`, `code`, `pid`, `resource_type`, `extra`, `version`, `create_time`, `create_user`, `last_update_time`, `last_update_user`) VALUES (514031492414832640, '查看', '/sm/sqlId/fetch/479266336992657408', NULL, NULL, 'b61513f7-aea6-4fea-9675-9889526c6ee0', 514031492096065536, 2, NULL, 0, '2018-11-19 10:57:38', NULL, '2018-11-19 10:57:38', NULL);
INSERT INTO `t_rbac_resource`(`id`, `text`, `link`, `external_link`, `icon`, `code`, `pid`, `resource_type`, `extra`, `version`, `create_time`, `create_user`, `last_update_time`, `last_update_user`) VALUES (514031492431609856, '查询视图列表', '/sm/sqlId/list/514030644431421440', NULL, NULL, 'dfa1f65c-e445-4ea0-a503-5d20dabea8ec', 514031492096065536, 2, NULL, 0, '2018-11-19 10:57:38', NULL, '2018-11-19 10:57:38', NULL);
INSERT INTO `t_rbac_resource`(`id`, `text`, `link`, `external_link`, `icon`, `code`, `pid`, `resource_type`, `extra`, `version`, `create_time`, `create_user`, `last_update_time`, `last_update_user`) VALUES (514031492695851008, '查询单条数据', '/sm/sqlId/fetch/514030644431421440', NULL, NULL, 'da3a3be5-cca9-4664-9ab6-84fdec8b49bb', 514031492096065536, 3, NULL, 0, '2018-11-19 10:57:38', NULL, '2018-11-19 10:57:38', NULL);
INSERT INTO `t_rbac_resource`(`id`, `text`, `link`, `external_link`, `icon`, `code`, `pid`, `resource_type`, `extra`, `version`, `create_time`, `create_user`, `last_update_time`, `last_update_user`) VALUES (514532178873286656, 't_loan_xinan_account', '/sm/dataviewlist/514530861702447104', NULL, NULL, '514530861702447104', 481561955555868672, 1, NULL, 1, '2018-11-20 20:07:11', NULL, '2018-11-21 09:55:12', NULL);
INSERT INTO `t_rbac_resource`(`id`, `text`, `link`, `external_link`, `icon`, `code`, `pid`, `resource_type`, `extra`, `version`, `create_time`, `create_user`, `last_update_time`, `last_update_user`) VALUES (514532178915229696, '增加', '/sm/sqlId/create/514530861702447104', NULL, NULL, 'f804361d-3752-4f01-ac65-95ff8e688d57', 514532178873286656, 2, NULL, 0, '2018-11-20 20:07:11', NULL, '2018-11-20 20:07:11', NULL);
INSERT INTO `t_rbac_resource`(`id`, `text`, `link`, `external_link`, `icon`, `code`, `pid`, `resource_type`, `extra`, `version`, `create_time`, `create_user`, `last_update_time`, `last_update_user`) VALUES (514532178932006912, '修改', '/sm/sqlId/modfity/514530861702447104', NULL, NULL, '781b8cb8-02f5-473b-b98f-94a4f9d57c92', 514532178873286656, 2, NULL, 0, '2018-11-20 20:07:11', NULL, '2018-11-20 20:07:11', NULL);
INSERT INTO `t_rbac_resource`(`id`, `text`, `link`, `external_link`, `icon`, `code`, `pid`, `resource_type`, `extra`, `version`, `create_time`, `create_user`, `last_update_time`, `last_update_user`) VALUES (514532178952978432, '删除', '/sm/sqlId/delete/514530861702447104', NULL, NULL, '2a68e1e8-7e27-4c1f-89e2-80ef95ff2184', 514532178873286656, 2, NULL, 0, '2018-11-20 20:07:11', NULL, '2018-11-20 20:07:11', NULL);
INSERT INTO `t_rbac_resource`(`id`, `text`, `link`, `external_link`, `icon`, `code`, `pid`, `resource_type`, `extra`, `version`, `create_time`, `create_user`, `last_update_time`, `last_update_user`) VALUES (514532178969755648, '查看', '/sm/sqlId/fetch/514530837920743424', NULL, NULL, '8cc3df9c-f227-40f8-adec-92853dd74412', 514532178873286656, 2, NULL, 0, '2018-11-20 20:07:11', NULL, '2018-11-20 20:07:11', NULL);
INSERT INTO `t_rbac_resource`(`id`, `text`, `link`, `external_link`, `icon`, `code`, `pid`, `resource_type`, `extra`, `version`, `create_time`, `create_user`, `last_update_time`, `last_update_user`) VALUES (514532178982338560, '查询视图列表', '/sm/sqlId/list/514530861702447104', NULL, NULL, 'cb864ae7-7146-4fd4-864c-9af930e8d2ab', 514532178873286656, 2, NULL, 0, '2018-11-20 20:07:11', NULL, '2018-11-20 20:07:11', NULL);
INSERT INTO `t_rbac_resource`(`id`, `text`, `link`, `external_link`, `icon`, `code`, `pid`, `resource_type`, `extra`, `version`, `create_time`, `create_user`, `last_update_time`, `last_update_user`) VALUES (514532178994921472, '查询单条数据', '/sm/sqlId/fetch/514530861702447104', NULL, NULL, '239dc6c6-7e8b-499a-b445-8c87b9de4b32', 514532178873286656, 3, NULL, 0, '2018-11-20 20:07:11', NULL, '2018-11-20 20:07:11', NULL);
INSERT INTO `t_rbac_resource`(`id`, `text`, `link`, `external_link`, `icon`, `code`, `pid`, `resource_type`, `extra`, `version`, `create_time`, `create_user`, `last_update_time`, `last_update_user`) VALUES (514535879918747648, 't_cashcard_bid', '/sm/dataviewlist/514535412773945344', NULL, NULL, '514535412773945344', 481561955555868672, 1, NULL, 0, '2018-11-20 20:21:53', NULL, '2018-11-20 20:21:53', NULL);
INSERT INTO `t_rbac_resource`(`id`, `text`, `link`, `external_link`, `icon`, `code`, `pid`, `resource_type`, `extra`, `version`, `create_time`, `create_user`, `last_update_time`, `last_update_user`) VALUES (514535879956496384, '增加', '/sm/sqlId/create/514535412773945344', NULL, NULL, '6b02bad1-4b70-450b-b610-8975675b0565', 514535879918747648, 2, NULL, 0, '2018-11-20 20:21:53', NULL, '2018-11-20 20:21:53', NULL);
INSERT INTO `t_rbac_resource`(`id`, `text`, `link`, `external_link`, `icon`, `code`, `pid`, `resource_type`, `extra`, `version`, `create_time`, `create_user`, `last_update_time`, `last_update_user`) VALUES (514535879973273600, '修改', '/sm/sqlId/modfity/514535412773945344', NULL, NULL, 'e24eb7e2-f060-47c3-b0b7-7df583b90099', 514535879918747648, 2, NULL, 0, '2018-11-20 20:21:53', NULL, '2018-11-20 20:21:53', NULL);
INSERT INTO `t_rbac_resource`(`id`, `text`, `link`, `external_link`, `icon`, `code`, `pid`, `resource_type`, `extra`, `version`, `create_time`, `create_user`, `last_update_time`, `last_update_user`) VALUES (514535879990050816, '删除', '/sm/sqlId/delete/514535412773945344', NULL, NULL, '06ff3ff2-c8f8-416e-bd89-4a7ffd7cc6ec', 514535879918747648, 2, NULL, 0, '2018-11-20 20:21:53', NULL, '2018-11-20 20:21:53', NULL);
INSERT INTO `t_rbac_resource`(`id`, `text`, `link`, `external_link`, `icon`, `code`, `pid`, `resource_type`, `extra`, `version`, `create_time`, `create_user`, `last_update_time`, `last_update_user`) VALUES (514535880002633728, '查看', '/sm/sqlId/fetch/514535372181471232', NULL, NULL, '333a1bd2-607c-45f7-afe1-ea7c95598fcb', 514535879918747648, 2, NULL, 0, '2018-11-20 20:21:53', NULL, '2018-11-20 20:21:53', NULL);
INSERT INTO `t_rbac_resource`(`id`, `text`, `link`, `external_link`, `icon`, `code`, `pid`, `resource_type`, `extra`, `version`, `create_time`, `create_user`, `last_update_time`, `last_update_user`) VALUES (514535880015216640, '查询视图列表', '/sm/sqlId/list/514535412773945344', NULL, NULL, '105a7ad7-0ea0-468d-b355-e874ea62ec40', 514535879918747648, 2, NULL, 0, '2018-11-20 20:21:53', NULL, '2018-11-20 20:21:53', NULL);
INSERT INTO `t_rbac_resource`(`id`, `text`, `link`, `external_link`, `icon`, `code`, `pid`, `resource_type`, `extra`, `version`, `create_time`, `create_user`, `last_update_time`, `last_update_user`) VALUES (514535880027799552, '查询单条数据', '/sm/sqlId/fetch/514535412773945344', NULL, NULL, 'eb5a1832-ffd6-449e-bce8-c29878fe1685', 514535879918747648, 3, NULL, 0, '2018-11-20 20:21:53', NULL, '2018-11-20 20:21:53', NULL);

INSERT INTO `t_rbac_group`(`id`, `group_name`, `remark`, `pid`, `group_type`, `all_path`, `extra`, `is_valid`, `version`, `create_time`, `create_user`, `last_update_time`, `last_update_user`) VALUES (1, '合众财富金融投资管理有限公司', '当前节点为最顶级节点', 0, 0, '0/1', NULL, 1, 2, '2018-07-23 17:50:44', NULL, '2018-07-25 14:42:40', NULL);
INSERT INTO `t_rbac_group`(`id`, `group_name`, `remark`, `pid`, `group_type`, `all_path`, `extra`, `is_valid`, `version`, `create_time`, `create_user`, `last_update_time`, `last_update_user`) VALUES (2, '风控中心', '风控咨询', 1, 1, '0/1/2', NULL, 1, 1, '2018-07-23 17:50:43', NULL, '2018-07-23 17:50:43', NULL);
INSERT INTO `t_rbac_group`(`id`, `group_name`, `remark`, `pid`, `group_type`, `all_path`, `extra`, `is_valid`, `version`, `create_time`, `create_user`, `last_update_time`, `last_update_user`) VALUES (3, '信审部', '信用贷审核部门发大水发', 2, 1, '0/1/2/3', NULL, 1, 3, '2018-07-23 17:50:42', NULL, '2018-07-25 11:34:46', NULL);
INSERT INTO `t_rbac_group`(`id`, `group_name`, `remark`, `pid`, `group_type`, `all_path`, `extra`, `is_valid`, `version`, `create_time`, `create_user`, `last_update_time`, `last_update_user`) VALUES (4, '技术中心', '技术部门', 1, 1, '0/1/4', NULL, 0, 1, '2018-07-23 17:50:25', NULL, '2018-07-23 17:50:25', NULL);
INSERT INTO `t_rbac_group`(`id`, `group_name`, `remark`, `pid`, `group_type`, `all_path`, `extra`, `is_valid`, `version`, `create_time`, `create_user`, `last_update_time`, `last_update_user`) VALUES (5, '引流组', '外部引流项目', 4, 1, '0/1/4/5', NULL, 1, 1, '2018-07-23 17:50:44', NULL, '2018-07-23 17:50:44', NULL);
INSERT INTO `t_rbac_group`(`id`, `group_name`, `remark`, `pid`, `group_type`, `all_path`, `extra`, `is_valid`, `version`, `create_time`, `create_user`, `last_update_time`, `last_update_user`) VALUES (6, '风控组', '风险控制', 4, 1, '0/1/4/6', NULL, 1, 1, '2018-07-23 17:50:46', NULL, '2018-07-23 17:50:46', NULL);
INSERT INTO `t_rbac_group`(`id`, `group_name`, `remark`, `pid`, `group_type`, `all_path`, `extra`, `is_valid`, `version`, `create_time`, `create_user`, `last_update_time`, `last_update_user`) VALUES (471638430099439616, '信审二组', '信用审批二组', 3, 1, NULL, '', 1, 3, '2018-07-25 11:22:44', NULL, '2018-07-25 11:33:00', NULL);
INSERT INTO `t_rbac_group`(`id`, `group_name`, `remark`, `pid`, `group_type`, `all_path`, `extra`, `is_valid`, `version`, `create_time`, `create_user`, `last_update_time`, `last_update_user`) VALUES (471640521622683648, '信审一组', '信用审批一组', 3, 1, NULL, '', 0, 1, '2018-07-25 11:31:03', NULL, '2018-07-25 11:33:08', NULL);
INSERT INTO `t_rbac_group`(`id`, `group_name`, `remark`, `pid`, `group_type`, `all_path`, `extra`, `is_valid`, `version`, `create_time`, `create_user`, `last_update_time`, `last_update_user`) VALUES (471643124586774528, '无效的分组测试', '111111', 3, 1, NULL, '', 1, 1, '2018-07-25 11:41:24', NULL, '2018-07-25 11:45:16', NULL);
INSERT INTO `t_rbac_group`(`id`, `group_name`, `remark`, `pid`, `group_type`, `all_path`, `extra`, `is_valid`, `version`, `create_time`, `create_user`, `last_update_time`, `last_update_user`) VALUES (471643316849475584, '车贷部', '33333', 2, 1, NULL, '', 0, 2, '2018-07-25 11:42:09', NULL, '2018-07-25 11:42:44', NULL);
INSERT INTO `t_rbac_group`(`id`, `group_name`, `remark`, `pid`, `group_type`, `all_path`, `extra`, `is_valid`, `version`, `create_time`, `create_user`, `last_update_time`, `last_update_user`) VALUES (471644031571460096, '车贷一组', '3333', 471643316849475584, 1, NULL, '', 1, 0, '2018-07-25 11:45:00', NULL, '2018-07-25 11:45:00', NULL);
INSERT INTO `t_rbac_group`(`id`, `group_name`, `remark`, `pid`, `group_type`, `all_path`, `extra`, `is_valid`, `version`, `create_time`, `create_user`, `last_update_time`, `last_update_user`) VALUES (480067527234289664, '架构中心', '333', 1, 1, NULL, '3333', 1, 0, '2018-08-17 17:36:58', NULL, '2018-08-17 17:36:58', NULL);

INSERT INTO `t_rbac_dict`(`id`, `value`, `text`, `remark`, `pid`, `sort`, `version`, `create_user`, `create_time`, `last_update_user`, `last_update_time`) VALUES (471733676036587523, 'SHUJUZIDIAN', '数据管理', NULL, 0, 1, 2, NULL, NULL, NULL, '2018-07-25 19:08:16');
INSERT INTO `t_rbac_dict`(`id`, `value`, `text`, `remark`, `pid`, `sort`, `version`, `create_user`, `create_time`, `last_update_user`, `last_update_time`) VALUES (471733676036587521, '1', '信审系统', '备注 备注 ', 471733676036587520, 1, 5, NULL, NULL, NULL, '2018-08-07 14:56:06');
INSERT INTO `t_rbac_dict`(`id`, `value`, `text`, `remark`, `pid`, `sort`, `version`, `create_user`, `create_time`, `last_update_user`, `last_update_time`) VALUES (471733676036587522, '2', '催收系统', NULL, 471733676036587520, NULL, 6, NULL, NULL, NULL, '2018-07-30 09:40:45');
INSERT INTO `t_rbac_dict`(`id`, `value`, `text`, `remark`, `pid`, `sort`, `version`, `create_user`, `create_time`, `last_update_user`, `last_update_time`) VALUES (471743101715611648, 'update-Item', '更新分类', NULL, 471733676036587523, NULL, 2, NULL, NULL, NULL, '2018-08-07 15:05:29');
INSERT INTO `t_rbac_dict`(`id`, `value`, `text`, `remark`, `pid`, `sort`, `version`, `create_user`, `create_time`, `last_update_user`, `last_update_time`) VALUES (471768701792681984, '3', '默认分类', '1', 471733676036587520, NULL, 2, NULL, NULL, NULL, '2018-07-30 09:40:48');
INSERT INTO `t_rbac_dict`(`id`, `value`, `text`, `remark`, `pid`, `sort`, `version`, `create_user`, `create_time`, `last_update_user`, `last_update_time`) VALUES (471733676036587520, 'JUESEFENLEI', '角色分类', NULL, 471733676036587523, NULL, 0, NULL, NULL, NULL, NULL);
INSERT INTO `t_rbac_dict`(`id`, `value`, `text`, `remark`, `pid`, `sort`, `version`, `create_user`, `create_time`, `last_update_user`, `last_update_time`) VALUES (476105050620428288, 'sqldefine-datasource', 'SQL数据源', NULL, 471733676036587523, NULL, 1, NULL, '2018-08-06 19:11:30', NULL, '2018-08-06 19:13:40');
INSERT INTO `t_rbac_dict`(`id`, `value`, `text`, `remark`, `pid`, `sort`, `version`, `create_user`, `create_time`, `last_update_user`, `last_update_time`) VALUES (476105881541410816, 'sqldefine-state', 'SQL状态', NULL, 471733676036587523, NULL, 0, NULL, '2018-08-06 19:14:48', NULL, '2018-08-06 19:14:48');
INSERT INTO `t_rbac_dict`(`id`, `value`, `text`, `remark`, `pid`, `sort`, `version`, `create_user`, `create_time`, `last_update_user`, `last_update_time`) VALUES (476106128116154368, '0', '待发布', NULL, 476105881541410816, 1, 0, NULL, '2018-08-06 19:15:47', NULL, '2018-08-06 19:15:47');
INSERT INTO `t_rbac_dict`(`id`, `value`, `text`, `remark`, `pid`, `sort`, `version`, `create_user`, `create_time`, `last_update_user`, `last_update_time`) VALUES (476106590659805184, '1', '已发布', NULL, 476105881541410816, 2, 0, NULL, '2018-08-06 19:17:37', NULL, '2018-08-06 19:17:37');
INSERT INTO `t_rbac_dict`(`id`, `value`, `text`, `remark`, `pid`, `sort`, `version`, `create_user`, `create_time`, `last_update_user`, `last_update_time`) VALUES (476122263284875264, 'test_hzed', 'test_hzed', '测试数据库', 476105050620428288, NULL, 0, NULL, '2018-08-06 20:19:53', NULL, '2018-08-06 20:19:53');
INSERT INTO `t_rbac_dict`(`id`, `value`, `text`, `remark`, `pid`, `sort`, `version`, `create_user`, `create_time`, `last_update_user`, `last_update_time`) VALUES (476398358416588800, 'sqldefine-cache', 'SQL是否缓存', NULL, 471733676036587523, NULL, 0, NULL, '2018-08-07 14:37:00', NULL, '2018-08-07 14:37:00');
INSERT INTO `t_rbac_dict`(`id`, `value`, `text`, `remark`, `pid`, `sort`, `version`, `create_user`, `create_time`, `last_update_user`, `last_update_time`) VALUES (476398462968004608, '0', '不缓存', NULL, 476398358416588800, 1, 0, NULL, '2018-08-07 14:37:25', NULL, '2018-08-07 14:37:25');
INSERT INTO `t_rbac_dict`(`id`, `value`, `text`, `remark`, `pid`, `sort`, `version`, `create_user`, `create_time`, `last_update_user`, `last_update_time`) VALUES (476398542227767296, '1', '缓存', 'SQL查询结果是否缓存', 476398358416588800, 2, 1, NULL, '2018-08-07 14:37:44', NULL, '2018-08-07 15:04:02');
INSERT INTO `t_rbac_dict`(`id`, `value`, `text`, `remark`, `pid`, `sort`, `version`, `create_user`, `create_time`, `last_update_user`, `last_update_time`) VALUES (476405850257227776, 'hide', '隐藏', '修改时隐藏该属性', 471743101715611648, 1, 0, NULL, '2018-08-07 15:06:46', NULL, '2018-08-07 15:06:46');
INSERT INTO `t_rbac_dict`(`id`, `value`, `text`, `remark`, `pid`, `sort`, `version`, `create_user`, `create_time`, `last_update_user`, `last_update_time`) VALUES (476405979609563136, 'enable', '可用', '修改时该属性可用', 471743101715611648, 2, 0, NULL, '2018-08-07 15:07:17', NULL, '2018-08-07 15:07:17');
INSERT INTO `t_rbac_dict`(`id`, `value`, `text`, `remark`, `pid`, `sort`, `version`, `create_user`, `create_time`, `last_update_user`, `last_update_time`) VALUES (476406103022764032, 'disable', '禁用', '修改时该属性不可用', 471743101715611648, 3, 0, NULL, '2018-08-07 15:07:46', NULL, '2018-08-07 15:07:46');
INSERT INTO `t_rbac_dict`(`id`, `value`, `text`, `remark`, `pid`, `sort`, `version`, `create_user`, `create_time`, `last_update_user`, `last_update_time`) VALUES (476406329460654080, 'fieldType-item', '字段类型', '视图配置字段组件类型', 471733676036587523, 1, 0, NULL, '2018-08-07 15:08:40', NULL, '2018-08-07 15:08:40');
INSERT INTO `t_rbac_dict`(`id`, `value`, `text`, `remark`, `pid`, `sort`, `version`, `create_user`, `create_time`, `last_update_user`, `last_update_time`) VALUES (476406566719848448, 'TEXT', '文本框', '字段类型为文本', 476406329460654080, 1, 0, NULL, '2018-08-07 15:09:37', NULL, '2018-08-07 15:09:37');
INSERT INTO `t_rbac_dict`(`id`, `value`, `text`, `remark`, `pid`, `sort`, `version`, `create_user`, `create_time`, `last_update_user`, `last_update_time`) VALUES (476406725851742208, 'align-item', '排列类型', '', 471733676036587523, NULL, 0, NULL, '2018-08-07 15:10:15', NULL, '2018-08-07 15:10:15');
INSERT INTO `t_rbac_dict`(`id`, `value`, `text`, `remark`, `pid`, `sort`, `version`, `create_user`, `create_time`, `last_update_user`, `last_update_time`) VALUES (476406891174428672, 'center', '居中', '', 476406725851742208, 1, 1, NULL, '2018-08-07 15:10:54', NULL, '2018-08-07 19:08:37');
INSERT INTO `t_rbac_dict`(`id`, `value`, `text`, `remark`, `pid`, `sort`, `version`, `create_user`, `create_time`, `last_update_user`, `last_update_time`) VALUES (476406998712188928, 'left', '居左', '', 476406725851742208, 2, 1, NULL, '2018-08-07 15:11:20', NULL, '2018-08-07 19:08:34');
INSERT INTO `t_rbac_dict`(`id`, `value`, `text`, `remark`, `pid`, `sort`, `version`, `create_user`, `create_time`, `last_update_user`, `last_update_time`) VALUES (476407069553983488, 'right', '居右', '', 476406725851742208, 2, 1, NULL, '2018-08-07 15:11:37', NULL, '2018-08-07 19:08:30');
INSERT INTO `t_rbac_dict`(`id`, `value`, `text`, `remark`, `pid`, `sort`, `version`, `create_user`, `create_time`, `last_update_user`, `last_update_time`) VALUES (476407151946891264, 'order-item', '排序类型', '', 471733676036587523, NULL, 1, NULL, '2018-08-07 15:11:56', NULL, '2018-08-07 15:12:04');
INSERT INTO `t_rbac_dict`(`id`, `value`, `text`, `remark`, `pid`, `sort`, `version`, `create_user`, `create_time`, `last_update_user`, `last_update_time`) VALUES (476407305072541696, 'asc', 'ASC', '', 476407151946891264, 1, 1, NULL, '2018-08-07 15:12:33', NULL, '2018-08-07 19:08:06');
INSERT INTO `t_rbac_dict`(`id`, `value`, `text`, `remark`, `pid`, `sort`, `version`, `create_user`, `create_time`, `last_update_user`, `last_update_time`) VALUES (476407396328013824, 'desc', 'DESC', '', 476407151946891264, 2, 1, NULL, '2018-08-07 15:12:55', NULL, '2018-08-07 19:08:01');
INSERT INTO `t_rbac_dict`(`id`, `value`, `text`, `remark`, `pid`, `sort`, `version`, `create_user`, `create_time`, `last_update_user`, `last_update_time`) VALUES (476480145742364672, 'expression-item', '运算符', '', 471733676036587523, NULL, 0, NULL, '2018-08-07 20:01:59', NULL, '2018-08-07 20:01:59');
INSERT INTO `t_rbac_dict`(`id`, `value`, `text`, `remark`, `pid`, `sort`, `version`, `create_user`, `create_time`, `last_update_user`, `last_update_time`) VALUES (476480243012468736, 'LIKE', 'LIKE', '', 476480145742364672, 1, 0, NULL, '2018-08-07 20:02:23', NULL, '2018-08-07 20:02:23');
INSERT INTO `t_rbac_dict`(`id`, `value`, `text`, `remark`, `pid`, `sort`, `version`, `create_user`, `create_time`, `last_update_user`, `last_update_time`) VALUES (476480335882747904, '>', '>', '', 476480145742364672, 2, 0, NULL, '2018-08-07 20:02:45', NULL, '2018-08-07 20:02:45');
INSERT INTO `t_rbac_dict`(`id`, `value`, `text`, `remark`, `pid`, `sort`, `version`, `create_user`, `create_time`, `last_update_user`, `last_update_time`) VALUES (476480427293409280, '>=', '>=', '', 476480145742364672, 3, 1, NULL, '2018-08-07 20:03:06', NULL, '2018-08-07 20:04:10');
INSERT INTO `t_rbac_dict`(`id`, `value`, `text`, `remark`, `pid`, `sort`, `version`, `create_user`, `create_time`, `last_update_user`, `last_update_time`) VALUES (476480521564585984, '<', '<', '', 476480145742364672, 4, 1, NULL, '2018-08-07 20:03:29', NULL, '2018-08-07 20:04:17');
INSERT INTO `t_rbac_dict`(`id`, `value`, `text`, `remark`, `pid`, `sort`, `version`, `create_user`, `create_time`, `last_update_user`, `last_update_time`) VALUES (476480792873140224, '<=', '<=', '', 476480145742364672, 5, 0, NULL, '2018-08-07 20:04:34', NULL, '2018-08-07 20:04:34');
INSERT INTO `t_rbac_dict`(`id`, `value`, `text`, `remark`, `pid`, `sort`, `version`, `create_user`, `create_time`, `last_update_user`, `last_update_time`) VALUES (476480831712395264, 'IN', 'IN', '', 476480145742364672, 6, 0, NULL, '2018-08-07 20:04:43', NULL, '2018-08-07 20:04:43');
INSERT INTO `t_rbac_dict`(`id`, `value`, `text`, `remark`, `pid`, `sort`, `version`, `create_user`, `create_time`, `last_update_user`, `last_update_time`) VALUES (476480910800191488, 'NOT IN', 'NOT IN', '', 476480145742364672, 6, 0, NULL, '2018-08-07 20:05:02', NULL, '2018-08-07 20:05:02');
INSERT INTO `t_rbac_dict`(`id`, `value`, `text`, `remark`, `pid`, `sort`, `version`, `create_user`, `create_time`, `last_update_user`, `last_update_time`) VALUES (476480971353358336, 'IS NULL', 'IS NULL', '', 476480145742364672, 7, 0, NULL, '2018-08-07 20:05:16', NULL, '2018-08-07 20:05:16');
INSERT INTO `t_rbac_dict`(`id`, `value`, `text`, `remark`, `pid`, `sort`, `version`, `create_user`, `create_time`, `last_update_user`, `last_update_time`) VALUES (476481023304007680, 'IS NOT NULL', 'IS NOT NULL', '不为空', 476480145742364672, 7, 1, NULL, '2018-08-07 20:05:29', NULL, '2018-08-07 20:06:39');
INSERT INTO `t_rbac_dict`(`id`, `value`, `text`, `remark`, `pid`, `sort`, `version`, `create_user`, `create_time`, `last_update_user`, `last_update_time`) VALUES (476686421504032768, '=', 'EQ', '等于', 476480145742364672, 0, 0, NULL, '2018-08-08 09:41:39', NULL, '2018-08-08 09:41:39');
INSERT INTO `t_rbac_dict`(`id`, `value`, `text`, `remark`, `pid`, `sort`, `version`, `create_user`, `create_time`, `last_update_user`, `last_update_time`) VALUES (476686947721412608, 'TEXTAREA', '文本域', '', 476406329460654080, 2, 0, NULL, '2018-08-08 09:43:45', NULL, '2018-08-08 09:43:45');
INSERT INTO `t_rbac_dict`(`id`, `value`, `text`, `remark`, `pid`, `sort`, `version`, `create_user`, `create_time`, `last_update_user`, `last_update_time`) VALUES (476699747491512320, 'option-item', '按钮对象', '视图按钮对象', 471733676036587523, NULL, 0, NULL, '2018-08-08 10:34:36', NULL, '2018-08-08 10:34:36');
INSERT INTO `t_rbac_dict`(`id`, `value`, `text`, `remark`, `pid`, `sort`, `version`, `create_user`, `create_time`, `last_update_user`, `last_update_time`) VALUES (476699869839360000, 'server', '服务', '对应一个接口服务', 476699747491512320, 1, 0, NULL, '2018-08-08 10:35:06', NULL, '2018-08-08 10:35:06');
INSERT INTO `t_rbac_dict`(`id`, `value`, `text`, `remark`, `pid`, `sort`, `version`, `create_user`, `create_time`, `last_update_user`, `last_update_time`) VALUES (476699962676084736, 'modal', '模态', '弹窗', 476699747491512320, 2, 2, NULL, '2018-08-08 10:35:28', NULL, '2018-08-08 14:16:57');
INSERT INTO `t_rbac_dict`(`id`, `value`, `text`, `remark`, `pid`, `sort`, `version`, `create_user`, `create_time`, `last_update_user`, `last_update_time`) VALUES (476700044469207040, 'window', '窗口', '弹出一个窗口', 476699747491512320, 3, 0, NULL, '2018-08-08 10:35:47', NULL, '2018-08-08 10:35:47');
INSERT INTO `t_rbac_dict`(`id`, `value`, `text`, `remark`, `pid`, `sort`, `version`, `create_user`, `create_time`, `last_update_user`, `last_update_time`) VALUES (476702501249220608, 'position-item', '按钮位置', '视图按钮位置', 471733676036587523, 1, 0, NULL, '2018-08-08 10:45:33', NULL, '2018-08-08 10:45:33');
INSERT INTO `t_rbac_dict`(`id`, `value`, `text`, `remark`, `pid`, `sort`, `version`, `create_user`, `create_time`, `last_update_user`, `last_update_time`) VALUES (476702663006748672, 'ROW', '内置', '表格内部', 476702501249220608, 1, 1, NULL, '2018-08-08 10:46:12', NULL, '2018-08-08 14:08:00');
INSERT INTO `t_rbac_dict`(`id`, `value`, `text`, `remark`, `pid`, `sort`, `version`, `create_user`, `create_time`, `last_update_user`, `last_update_time`) VALUES (476702789041389568, 'NAV', '导航', '导航', 476702501249220608, 2, 0, NULL, '2018-08-08 10:46:42', NULL, '2018-08-08 10:46:42');
INSERT INTO `t_rbac_dict`(`id`, `value`, `text`, `remark`, `pid`, `sort`, `version`, `create_user`, `create_time`, `last_update_user`, `last_update_time`) VALUES (477129058396667904, 'valigns-item', '垂直排列', '', 471733676036587523, 1, 0, NULL, '2018-08-09 15:00:32', NULL, '2018-08-09 15:00:32');
INSERT INTO `t_rbac_dict`(`id`, `value`, `text`, `remark`, `pid`, `sort`, `version`, `create_user`, `create_time`, `last_update_user`, `last_update_time`) VALUES (477129131339808768, 'top', '顶部', '', 477129058396667904, 1, 0, NULL, '2018-08-09 15:00:50', NULL, '2018-08-09 15:00:50');
INSERT INTO `t_rbac_dict`(`id`, `value`, `text`, `remark`, `pid`, `sort`, `version`, `create_user`, `create_time`, `last_update_user`, `last_update_time`) VALUES (477129233970233344, 'middle', '居中', '', 477129058396667904, 2, 0, NULL, '2018-08-09 15:01:14', NULL, '2018-08-09 15:01:14');
INSERT INTO `t_rbac_dict`(`id`, `value`, `text`, `remark`, `pid`, `sort`, `version`, `create_user`, `create_time`, `last_update_user`, `last_update_time`) VALUES (477129292279447552, 'bottom', '底部', '', 477129058396667904, 3, 0, NULL, '2018-08-09 15:01:28', NULL, '2018-08-09 15:01:28');
INSERT INTO `t_rbac_dict`(`id`, `value`, `text`, `remark`, `pid`, `sort`, `version`, `create_user`, `create_time`, `last_update_user`, `last_update_time`) VALUES (477129597645750272, 'scopes-item', 'TREE显示范围', '', 471733676036587523, 1, 0, NULL, '2018-08-09 15:02:41', NULL, '2018-08-09 15:02:41');
INSERT INTO `t_rbac_dict`(`id`, `value`, `text`, `remark`, `pid`, `sort`, `version`, `create_user`, `create_time`, `last_update_user`, `last_update_time`) VALUES (477129684702724096, 'ALL', '全部', '', 477129597645750272, 1, 0, NULL, '2018-08-09 15:03:01', NULL, '2018-08-09 15:03:01');
INSERT INTO `t_rbac_dict`(`id`, `value`, `text`, `remark`, `pid`, `sort`, `version`, `create_user`, `create_time`, `last_update_user`, `last_update_time`) VALUES (477129808933814272, 'CHILD', '子节点', '', 477129597645750272, 2, 0, NULL, '2018-08-09 15:03:31', NULL, '2018-08-09 15:03:31');
INSERT INTO `t_rbac_dict`(`id`, `value`, `text`, `remark`, `pid`, `sort`, `version`, `create_user`, `create_time`, `last_update_user`, `last_update_time`) VALUES (477129934460944384, 'SELF', '选中节点', '', 477129597645750272, 3, 0, NULL, '2018-08-09 15:04:01', NULL, '2018-08-09 15:04:01');
INSERT INTO `t_rbac_dict`(`id`, `value`, `text`, `remark`, `pid`, `sort`, `version`, `create_user`, `create_time`, `last_update_user`, `last_update_time`) VALUES (477130149079285760, 'methods-item', 'METHOD', '', 471733676036587523, 1, 0, NULL, '2018-08-09 15:04:52', NULL, '2018-08-09 15:04:52');
INSERT INTO `t_rbac_dict`(`id`, `value`, `text`, `remark`, `pid`, `sort`, `version`, `create_user`, `create_time`, `last_update_user`, `last_update_time`) VALUES (477130196860796928, 'POST', 'POST', '', 477130149079285760, 1, 0, NULL, '2018-08-09 15:05:04', NULL, '2018-08-09 15:05:04');
INSERT INTO `t_rbac_dict`(`id`, `value`, `text`, `remark`, `pid`, `sort`, `version`, `create_user`, `create_time`, `last_update_user`, `last_update_time`) VALUES (477130243908304896, 'GET', 'GET', '', 477130149079285760, 2, 0, NULL, '2018-08-09 15:05:15', NULL, '2018-08-09 15:05:15');
INSERT INTO `t_rbac_dict`(`id`, `value`, `text`, `remark`, `pid`, `sort`, `version`, `create_user`, `create_time`, `last_update_user`, `last_update_time`) VALUES (477130973251633152, 'side-pagination-item', '分页规则', '', 471733676036587523, 1, 0, NULL, '2018-08-09 15:08:09', NULL, '2018-08-09 15:08:09');
INSERT INTO `t_rbac_dict`(`id`, `value`, `text`, `remark`, `pid`, `sort`, `version`, `create_user`, `create_time`, `last_update_user`, `last_update_time`) VALUES (477131065702481920, 'client', 'client', '', 477130973251633152, 1, 0, NULL, '2018-08-09 15:08:31', NULL, '2018-08-09 15:08:31');
INSERT INTO `t_rbac_dict`(`id`, `value`, `text`, `remark`, `pid`, `sort`, `version`, `create_user`, `create_time`, `last_update_user`, `last_update_time`) VALUES (477131121860018176, 'server', 'server', '', 477130973251633152, 2, 0, NULL, '2018-08-09 15:08:44', NULL, '2018-08-09 15:08:44');
INSERT INTO `t_rbac_dict`(`id`, `value`, `text`, `remark`, `pid`, `sort`, `version`, `create_user`, `create_time`, `last_update_user`, `last_update_time`) VALUES (477131664070279168, 'export-data-type', '导出类型', '', 471733676036587523, 1, 0, NULL, '2018-08-09 15:10:53', NULL, '2018-08-09 15:10:53');
INSERT INTO `t_rbac_dict`(`id`, `value`, `text`, `remark`, `pid`, `sort`, `version`, `create_user`, `create_time`, `last_update_user`, `last_update_time`) VALUES (477131736795316224, 'basic', 'basic', '', 477131664070279168, 1, 0, NULL, '2018-08-09 15:11:11', NULL, '2018-08-09 15:11:11');
INSERT INTO `t_rbac_dict`(`id`, `value`, `text`, `remark`, `pid`, `sort`, `version`, `create_user`, `create_time`, `last_update_user`, `last_update_time`) VALUES (477131784396472320, 'all', 'all', '', 477131664070279168, 2, 0, NULL, '2018-08-09 15:11:22', NULL, '2018-08-09 15:11:22');
INSERT INTO `t_rbac_dict`(`id`, `value`, `text`, `remark`, `pid`, `sort`, `version`, `create_user`, `create_time`, `last_update_user`, `last_update_time`) VALUES (477131834103169024, 'selected', 'selected', '', 477131664070279168, 3, 0, NULL, '2018-08-09 15:11:34', NULL, '2018-08-09 15:11:34');
INSERT INTO `t_rbac_dict`(`id`, `value`, `text`, `remark`, `pid`, `sort`, `version`, `create_user`, `create_time`, `last_update_user`, `last_update_time`) VALUES (480020567676682240, 'CHECKBOX', '选择框 ', '多选框', 476406329460654080, 3, 0, NULL, '2018-08-17 14:30:22', NULL, '2018-08-17 14:30:22');
INSERT INTO `t_rbac_dict`(`id`, `value`, `text`, `remark`, `pid`, `sort`, `version`, `create_user`, `create_time`, `last_update_user`, `last_update_time`) VALUES (480020650287693824, 'DROPDOWN', '下拉框', '', 476406329460654080, 4, 0, NULL, '2018-08-17 14:30:41', NULL, '2018-08-17 14:30:41');
INSERT INTO `t_rbac_dict`(`id`, `value`, `text`, `remark`, `pid`, `sort`, `version`, `create_user`, `create_time`, `last_update_user`, `last_update_time`) VALUES (44, '11', '11', '测试数据字典视图', 11, 11, 11, '11', NULL, '11', NULL);
INSERT INTO `t_rbac_dict`(`id`, `value`, `text`, `remark`, `pid`, `sort`, `version`, `create_user`, `create_time`, `last_update_user`, `last_update_time`) VALUES (1, '1', '1', '备注 ', 1, 1, 1, '1', NULL, '1', NULL);
INSERT INTO `t_rbac_dict`(`id`, `value`, `text`, `remark`, `pid`, `sort`, `version`, `create_user`, `create_time`, `last_update_user`, `last_update_time`) VALUES (12, '2', '3', '4', 5, 888, 7, '8', NULL, '9', NULL);
